{"breakout": 0.6638233433433548, "channel_trading": 0.6638233433433548, "ema_crossover": 0.6520622644717299, "fibonacci_pullback": 0.883680217238203, "macd": 0.6710520136638144, "mean_reversion": 0.7751679133706408, "momentum": 0.7703687431780936, "rsi_momentum": 0.7679021990405238, "rsi_reversal": 0.7929327231783311, "sma_crossover": 0.7771295435007444, "support_resistance": 0.8905483093449706}